YYYYMMDD,hhmmss (UTC+0),MCC,MNC,LAC,CID,Latitude,Longitude,Timezone,day_number,is_non_working_day,Timestate
20100916,123351,230,3,1,1,50.102976,14.399171,2,1,False,A
20100916,123616,230,3,1,2,50.105526,14.393218,2,1,False,A
20100916,123657,230,3,1,1,50.102976,14.399171,2,1,False,A
20100916,123814,230,3,1,2,50.105526,14.393218,2,1,False,A
20100916,123834,230,3,1,1,50.102976,14.399171,2,1,False,A
20100916,123910,230,3,1,2,50.105526,14.393218,2,1,False,A
20100916,124101,230,3,1,1,50.102976,14.399171,2,1,False,A
20100916,124244,230,3,1,2,50.105526,14.393218,2,1,False,A
20100916,125321,230,3,1,1,50.102976,14.399171,2,1,False,A
20100916,125812,230,3,1,2,50.105526,14.393218,2,1,False,A
20100916,125937,230,3,1,1,50.102976,14.399171,2,1,False,A
20100916,125951,230,3,1,2,50.105526,14.393218,2,1,False,A
20100916,130021,230,3,1,1,50.102976,14.399171,2,1,False,A
20100916,130219,230,3,1,2,50.105526,14.393218,2,1,False,A
20100916,130509,230,3,1,1,50.102976,14.399171,2,1,False,A
20100916,130819,230,3,1,2,50.105526,14.393218,2,1,False,A
20100916,131852,230,3,1,1,50.102976,14.399171,2,1,False,A
20100916,132140,230,3,1,2,50.105526,14.393218,2,1,False,A
20100916,132948,230,3,1,1,50.102976,14.399171,2,1,False,A
20100916,133012,230,3,1,2,50.105526,14.393218,2,1,False,A
20100916,134237,230,3,1,1,50.102976,14.399171,2,1,False,A
20100916,134250,230,3,1,2,50.105526,14.393218,2,1,False,A
20100916,134257,230,3,1,1,50.102976,14.399171,2,1,False,A
20100916,134543,230,3,1,2,50.105526,14.393218,2,1,False,A
20100916,134609,230,3,1,1,50.102976,14.399171,2,1,False,A
20100916,134628,230,3,1,2,50.105526,14.393218,2,1,False,A
20100916,134727,230,3,1,1,50.102976,14.399171,2,1,False,A
20100916,134815,230,3,1,2,50.105526,14.393218,2,1,False,A
20100916,134851,230,3,1,1,50.102976,14.399171,2,1,False,A
20100916,135011,0,0,0,3,0.000000,0.000000,2,1,False,A
20100916,135012,230,3,1,1,50.102976,14.399171,2,1,False,A
20100916,135423,230,3,1,2,50.105526,14.393218,2,1,False,A
20100916,135506,230,3,1,1,50.102976,14.399171,2,1,False,A
20100916,135537,230,3,1,2,50.105526,14.393218,2,1,False,A
20100916,143605,230,3,1,1,50.102976,14.399171,2,1,False,A
20100916,143707,230,3,1,2,50.105526,14.393218,2,1,False,A
20100916,143749,230,3,1,1,50.102976,14.399171,2,1,False,A
20100916,143808,230,3,1,2,50.105526,14.393218,2,1,False,A
20100916,143855,230,3,1,1,50.102976,14.399171,2,1,False,A
20100916,144514,230,3,1,2,50.105526,14.393218,2,1,False,A
20100916,144520,230,3,1,1,50.102976,14.399171,2,1,False,A
20100916,145203,230,3,1,2,50.105526,14.393218,2,1,False,A
20100916,145219,230,3,1,1,50.102976,14.399171,2,1,False,A
20100916,145238,230,3,1,2,50.105526,14.393218,2,1,False,A
20100916,150133,230,3,1,1,50.102976,14.399171,2,1,False,A
20100916,150705,230,3,1,2,50.105526,14.393218,2,1,False,A
20100916,151244,230,3,1,1,50.102976,14.399171,2,1,False,A
20100916,151343,230,3,1,2,50.105526,14.393218,2,1,False,A
20100916,151603,230,3,1,1,50.102976,14.399171,2,1,False,A
20100916,151640,230,3,1,2,50.105526,14.393218,2,1,False,A
20100916,151712,230,3,1,1,50.102976,14.399171,2,1,False,A
20100916,151734,230,3,1,2,50.105526,14.393218,2,1,False,A
20100916,152014,230,3,1,1,50.102976,14.399171,2,1,False,A
20100916,152052,230,3,1,2,50.105526,14.393218,2,1,False,A
20100916,154331,230,3,1,1,50.102976,14.399171,2,1,False,A
20100916,154338,230,3,1,2,50.105526,14.393218,2,1,False,A
20100916,154456,230,3,1,1,50.102976,14.399171,2,1,False,A
20100916,155104,230,3,1,2,50.105526,14.393218,2,1,False,A
20100916,155128,230,3,1,1,50.102976,14.399171,2,1,False,A
20100916,155138,230,3,1,2,50.105526,14.393218,2,1,False,A
20100916,155257,230,3,1,1,50.102976,14.399171,2,1,False,A
20100916,155328,230,3,1,2,50.105526,14.393218,2,1,False,A
20100916,155959,230,3,1,4,50.103628,14.386725,2,1,False,A
20100916,160007,230,3,1,1,50.102976,14.399171,2,1,False,A
20100916,160023,230,3,1,4,50.103628,14.386725,2,1,False,A
20100916,160035,230,3,1,2,50.105526,14.393218,2,1,False,A
20100916,160309,230,3,1,5,50.097338,14.392858,2,1,False,A
20100916,174337,230,3,1,6,50.096388,14.385038,2,1,False,A
20100916,174501,230,3,1,2,50.105526,14.393218,2,1,False,A
20100916,174702,230,3,3,7,50.074297,14.428297,2,1,False,A
20100916,175243,0,0,0,3,0.000000,0.000000,2,1,False,A
20100916,175328,230,3,3,8,50.074297,14.428297,2,1,False,A
20100916,175425,0,0,0,3,0.000000,0.000000,2,1,False,A
20100916,175501,230,3,3,7,50.074297,14.428297,2,1,False,A
20100916,175628,0,0,0,3,0.000000,0.000000,2,1,False,A
20100916,175653,230,3,3,8,50.074297,14.428297,2,1,False,A
20100916,175814,0,0,0,3,0.000000,0.000000,2,1,False,A
20100916,175834,230,3,3,9,50.074297,14.428297,2,1,False,A
20100916,175955,230,3,3,10,50.074297,14.428297,2,1,False,A
20100916,180146,0,0,0,3,0.000000,0.000000,2,1,False,E
20100916,180211,230,3,3,11,50.074297,14.428297,2,1,False,E
20100916,180310,0,0,0,3,0.000000,0.000000,2,1,False,E
20100916,180347,230,3,3,12,50.074297,14.428297,2,1,False,E
20100916,180444,0,0,0,3,0.000000,0.000000,2,1,False,E
20100916,180546,230,3,3,13,50.074297,14.428297,2,1,False,E
20100916,180848,230,3,4,14,50.066883,14.405435,2,1,False,E
20100916,180906,230,3,4,15,50.070707,14.406215,2,1,False,E
20100916,180924,230,3,5,16,50.069000,14.407000,2,1,False,E
20100916,181027,230,3,5,17,50.069000,14.403000,2,1,False,E
20100916,181140,230,3,5,18,50.069000,14.403000,2,1,False,E
20100916,181418,0,0,0,3,0.000000,0.000000,2,1,False,E
20100916,181505,230,3,5,17,50.069000,14.403000,2,1,False,E
20100916,181617,230,3,5,18,50.069000,14.403000,2,1,False,E
20100916,181651,230,3,5,17,50.069000,14.403000,2,1,False,E
20100916,181751,230,3,5,18,50.069000,14.403000,2,1,False,E
20100916,181758,230,3,5,17,50.069000,14.403000,2,1,False,E
20100916,181832,230,3,5,19,50.069000,14.403000,2,1,False,E
20100916,181845,230,3,5,17,50.069000,14.403000,2,1,False,E
20100916,181857,230,3,5,20,50.064000,14.410000,2,1,False,E
20100916,181920,230,3,5,21,50.063000,14.405000,2,1,False,E
20100916,182025,230,3,5,20,50.064000,14.410000,2,1,False,E
20100916,182044,230,3,5,22,50.062000,14.410000,2,1,False,E
20100916,182230,230,3,6,23,50.054278,14.400995,2,1,False,E
20100916,203721,230,3,5,22,50.062000,14.410000,2,1,False,E
20100916,203756,230,3,5,20,50.064000,14.410000,2,1,False,E
20100916,203828,230,3,5,22,50.062000,14.410000,2,1,False,E
20100916,204137,230,3,5,20,50.064000,14.410000,2,1,False,E
20100916,204217,230,3,5,21,50.063000,14.405000,2,1,False,E
20100916,204745,230,3,5,20,50.064000,14.410000,2,1,False,E
20100916,204835,230,3,5,21,50.063000,14.405000,2,1,False,E
20100916,204848,230,3,5,24,50.062000,14.410000,2,1,False,E
20100916,205056,230,3,5,22,50.062000,14.410000,2,1,False,E
20100916,205118,230,3,5,24,50.062000,14.410000,2,1,False,E
20100916,205138,230,3,3,25,50.074297,14.428297,2,1,False,E
20100916,205547,0,0,0,3,0.000000,0.000000,2,1,False,E
20100916,205632,230,3,3,13,50.074297,14.428297,2,1,False,E
20100916,205746,0,0,0,3,0.000000,0.000000,2,1,False,E
20100916,205835,230,3,3,12,50.074297,14.428297,2,1,False,E
20100916,205934,0,0,0,3,0.000000,0.000000,2,1,False,E
20100916,210017,230,3,3,11,50.074297,14.428297,2,1,False,E
20100916,210056,0,0,0,3,0.000000,0.000000,2,1,False,E
20100916,210106,230,3,3,10,50.074297,14.428297,2,1,False,E
20100916,210306,230,3,3,9,50.074297,14.428297,2,1,False,E
20100916,210706,0,0,0,3,0.000000,0.000000,2,1,False,E
20100916,210727,230,3,3,26,50.074297,14.428297,2,1,False,E
20100916,210835,0,0,0,3,0.000000,0.000000,2,1,False,E
20100916,210905,230,3,3,27,50.074297,14.428297,2,1,False,E
20100916,211002,0,0,0,3,0.000000,0.000000,2,1,False,E
20100916,211038,230,3,3,28,50.074297,14.428297,2,1,False,E
20100916,211127,0,0,0,3,0.000000,0.000000,2,1,False,E
20100916,211200,230,3,3,27,50.074297,14.428297,2,1,False,E
20100916,211314,0,0,0,3,0.000000,0.000000,2,1,False,E
20100916,211347,230,3,3,28,50.074297,14.428297,2,1,False,E
20100916,211452,0,0,0,3,0.000000,0.000000,2,1,False,E
20100916,211609,230,3,3,27,50.074297,14.428297,2,1,False,E
20100916,211700,0,0,0,3,0.000000,0.000000,2,1,False,E
20100916,211822,230,3,3,28,50.074297,14.428297,2,1,False,E
20100916,212007,230,3,7,29,50.065910,14.507394,2,1,False,E
20100916,212023,230,3,6,30,50.066022,14.503034,2,1,False,E
20100916,212128,230,3,1,31,50.067988,14.506768,2,1,False,E
20100916,212140,230,3,6,32,50.068199,14.514701,2,1,False,E
20100916,212205,230,3,1,31,50.067988,14.506768,2,1,False,E
20100916,212355,230,3,6,33,50.069076,14.509180,2,1,False,E
20100916,212449,230,3,6,30,50.066022,14.503034,2,1,False,E
20100916,212507,230,3,7,29,50.065910,14.507394,2,1,False,E
20100916,212524,230,3,1,31,50.067988,14.506768,2,1,False,E
20100916,212556,230,3,6,34,50.072612,14.511606,2,1,False,E
20100916,212716,230,3,7,35,50.063554,14.529775,2,1,False,E
20100916,212749,230,3,6,33,50.069076,14.509180,2,1,False,E
20100916,212806,230,3,7,36,50.060359,14.510679,2,1,False,E
20100916,212815,230,3,7,37,50.062913,14.541140,2,1,False,E
20100916,212834,230,3,6,38,50.062191,14.542474,2,1,False,E
20100916,212843,230,3,6,39,50.053476,14.548071,2,1,False,E
20100916,212846,230,3,6,40,50.052128,14.534634,2,1,False,E
20100916,212908,230,3,6,41,50.048996,14.538392,2,1,False,E
20100916,212935,230,3,6,40,50.052128,14.534634,2,1,False,E
20100916,213031,230,3,6,42,50.048802,14.548801,2,1,False,E
20100916,213037,230,3,6,39,50.053476,14.548071,2,1,False,E
20100916,213051,230,3,6,43,50.047225,14.536522,2,1,False,E
20100916,213116,230,3,6,44,50.043899,14.550689,2,1,False,E
20100916,213148,230,3,6,45,50.044807,14.558335,2,1,False,E
20100916,213238,230,3,6,46,50.048704,14.553362,2,1,False,E
20100916,213324,230,3,6,47,50.041035,14.565252,2,1,False,E
20100916,213327,230,3,6,48,50.044606,14.568368,2,1,False,E
20100916,213359,230,3,6,49,50.040997,14.552996,2,1,False,E
20100916,213826,230,3,6,48,50.044606,14.568368,2,1,False,E
20100917,60636,230,3,6,49,50.040997,14.552996,2,2,False,M
20100917,60914,230,3,6,48,50.044606,14.568368,2,2,False,M
20100917,60932,230,3,6,47,50.041035,14.565252,2,2,False,M
20100917,60936,230,3,6,46,50.048704,14.553362,2,2,False,M
20100917,61118,230,3,6,50,50.050198,14.566495,2,2,False,M
20100917,61357,230,3,6,51,50.050929,14.576607,2,2,False,M
20100917,61404,230,3,7,52,50.049823,14.576304,2,2,False,M
20100917,61413,230,3,7,53,50.054311,14.561300,2,2,False,M
20100917,61428,230,3,6,54,50.053188,14.561300,2,2,False,M
20100917,61615,230,3,6,55,50.061610,14.553762,2,2,False,M
20100917,61930,230,3,6,56,50.058379,14.546183,2,2,False,M
20100917,62053,230,3,6,57,50.058826,14.534309,2,2,False,M
20100917,62107,230,3,6,38,50.062191,14.542474,2,2,False,M
20100917,62232,230,3,6,58,50.064825,14.527234,2,2,False,M
20100917,62300,230,3,6,38,50.062191,14.542474,2,2,False,M
20100917,62326,230,3,6,58,50.064825,14.527234,2,2,False,M
20100917,62358,230,3,6,59,50.062696,14.517201,2,2,False,M
20100917,62407,230,3,6,34,50.072612,14.511606,2,2,False,M
20100917,62428,230,3,6,59,50.062696,14.517201,2,2,False,M
20100917,62431,230,3,6,33,50.069076,14.509180,2,2,False,M
20100917,62443,230,3,6,59,50.062696,14.517201,2,2,False,M
20100917,62521,230,3,6,33,50.069076,14.509180,2,2,False,M
20100917,62527,230,3,6,34,50.072612,14.511606,2,2,False,M
20100917,62709,230,3,1,31,50.067988,14.506768,2,2,False,M
20100917,62813,230,3,6,32,50.068199,14.514701,2,2,False,M
20100917,62817,230,3,6,60,50.072500,14.500402,2,2,False,M
20100917,62829,230,3,7,61,50.070390,14.510297,2,2,False,M
20100917,62838,230,3,7,62,50.066607,14.508177,2,2,False,M
20100917,62852,230,3,6,30,50.066022,14.503034,2,2,False,M
20100917,62853,230,3,6,33,50.069076,14.509180,2,2,False,M
20100917,62941,230,3,1,31,50.067988,14.506768,2,2,False,M
20100917,63117,230,3,6,60,50.072500,14.500402,2,2,False,M
20100917,63127,230,3,1,31,50.067988,14.506768,2,2,False,M
20100917,63141,230,3,6,32,50.068199,14.514701,2,2,False,M
20100917,63159,230,3,6,34,50.072612,14.511606,2,2,False,M
20100917,63205,230,3,6,30,50.066022,14.503034,2,2,False,M
20100917,63355,230,3,3,28,50.074297,14.428297,2,2,False,M
20100917,63609,0,0,0,3,0.000000,0.000000,2,2,False,M
20100917,63807,230,3,3,27,50.074297,14.428297,2,2,False,M
20100917,63844,0,0,0,3,0.000000,0.000000,2,2,False,M
20100917,63949,230,3,3,28,50.074297,14.428297,2,2,False,M
20100917,64041,0,0,0,3,0.000000,0.000000,2,2,False,M
20100917,64113,230,3,3,27,50.074297,14.428297,2,2,False,M
20100917,64220,0,0,0,3,0.000000,0.000000,2,2,False,M
20100917,64257,230,3,3,28,50.074297,14.428297,2,2,False,M
20100917,64343,0,0,0,3,0.000000,0.000000,2,2,False,M
20100917,64422,230,3,3,27,50.074297,14.428297,2,2,False,M
20100917,64517,0,0,0,3,0.000000,0.000000,2,2,False,M
20100917,64552,230,3,3,26,50.074297,14.428297,2,2,False,M
20100917,64710,0,0,0,3,0.000000,0.000000,2,2,False,M
20100917,64732,230,3,3,9,50.074297,14.428297,2,2,False,M
20100917,65125,230,3,4,63,50.082927,14.420874,2,2,False,M
20100917,65141,230,3,4,64,50.085427,14.425494,2,2,False,M
20100917,65201,230,3,5,65,50.083000,14.424000,2,2,False,M
20100917,65202,230,3,5,66,50.083000,14.422000,2,2,False,M
20100917,65301,230,3,5,67,50.083000,14.424000,2,2,False,M
20100917,65313,230,3,5,66,50.083000,14.422000,2,2,False,M
20100917,65317,230,3,5,68,50.082000,14.422000,2,2,False,M
20100917,65344,230,3,5,66,50.083000,14.422000,2,2,False,M
20100917,65423,230,3,5,69,50.079000,14.422000,2,2,False,M
20100917,65440,230,3,5,66,50.083000,14.422000,2,2,False,M
20100917,65646,230,3,5,70,50.082000,14.422000,2,2,False,M
20100917,65707,230,3,5,66,50.083000,14.422000,2,2,False,M
20100917,65722,230,3,5,69,50.079000,14.422000,2,2,False,M
20100917,65800,230,3,5,70,50.082000,14.422000,2,2,False,M
20100917,65846,230,3,5,66,50.083000,14.422000,2,2,False,M
20100917,70209,230,3,5,71,50.082000,14.422000,2,2,False,M
20100917,70244,230,3,4,72,50.081510,14.422788,2,2,False,M
20100917,70252,230,3,4,73,50.081538,14.424069,2,2,False,M
20100917,70309,230,3,5,66,50.083000,14.422000,2,2,False,M
20100917,70443,230,3,5,70,50.082000,14.422000,2,2,False,M
20100917,70452,230,3,5,66,50.083000,14.422000,2,2,False,M
20100917,70654,230,3,5,69,50.079000,14.422000,2,2,False,M
20100917,70701,230,3,5,66,50.083000,14.422000,2,2,False,M
20100917,70915,230,3,5,69,50.079000,14.422000,2,2,False,M
20100917,70923,230,3,5,66,50.083000,14.422000,2,2,False,M
20100917,71147,230,3,5,67,50.083000,14.424000,2,2,False,M
20100917,71531,230,3,3,9,50.074297,14.428297,2,2,False,M
20100917,71758,0,0,0,3,0.000000,0.000000,2,2,False,M
20100917,71759,230,3,3,8,50.074297,14.428297,2,2,False,M
20100917,71918,0,0,0,3,0.000000,0.000000,2,2,False,M
20100917,71951,230,3,3,7,50.074297,14.428297,2,2,False,M
20100917,72051,0,0,0,3,0.000000,0.000000,2,2,False,M
20100917,72125,230,3,3,8,50.074297,14.428297,2,2,False,M
20100917,72228,0,0,0,3,0.000000,0.000000,2,2,False,M
20100917,72303,230,3,3,7,50.074297,14.428297,2,2,False,M
20100917,72457,230,3,1,2,50.105526,14.393218,2,2,False,M
20100917,72558,230,3,1,5,50.097338,14.392858,2,2,False,M
20100917,81830,0,0,0,3,0.000000,0.000000,2,2,False,M
20100917,81831,230,3,1,2,50.105526,14.393218,2,2,False,M
20100917,81852,0,0,0,3,0.000000,0.000000,2,2,False,M
20100917,81853,230,3,1,2,50.105526,14.393218,2,2,False,M
20100917,82154,230,3,1,5,50.097338,14.392858,2,2,False,M
20100917,82207,230,3,1,2,50.105526,14.393218,2,2,False,M
20100917,82232,230,3,1,5,50.097338,14.392858,2,2,False,M
20100917,82245,230,3,1,2,50.105526,14.393218,2,2,False,M
20100917,82254,230,3,1,1,50.102976,14.399171,2,2,False,M
20100917,82319,230,3,1,5,50.097338,14.392858,2,2,False,M
20100917,82428,230,3,1,2,50.105526,14.393218,2,2,False,M
20100917,82559,230,3,1,1,50.102976,14.399171,2,2,False,M
20100917,82740,230,3,1,2,50.105526,14.393218,2,2,False,M
20100917,82804,230,3,1,1,50.102976,14.399171,2,2,False,M
20100917,83118,230,3,1,74,50.101580,14.391327,2,2,False,M
20100917,83131,230,3,1,1,50.102976,14.399171,2,2,False,M
20100917,83221,230,3,1,2,50.105526,14.393218,2,2,False,M
20100917,83311,230,3,1,74,50.101580,14.391327,2,2,False,M
20100917,83330,230,3,1,1,50.102976,14.399171,2,2,False,M
20100917,83856,230,3,1,2,50.105526,14.393218,2,2,False,M
20100917,83917,230,3,1,1,50.102976,14.399171,2,2,False,M
20100917,83926,230,3,1,74,50.101580,14.391327,2,2,False,M
20100917,84016,230,3,1,1,50.102976,14.399171,2,2,False,M
20100917,84057,230,3,1,2,50.105526,14.393218,2,2,False,M
20100917,84106,230,3,1,1,50.102976,14.399171,2,2,False,M
20100917,84118,230,3,1,2,50.105526,14.393218,2,2,False,M
20100917,84208,230,3,1,1,50.102976,14.399171,2,2,False,M
20100917,84401,230,3,1,2,50.105526,14.393218,2,2,False,M
20100917,84417,230,3,1,4,50.103628,14.386725,2,2,False,M
20100917,84423,230,3,1,2,50.105526,14.393218,2,2,False,M
20100917,84756,230,3,1,1,50.102976,14.399171,2,2,False,M
20100917,93429,230,3,1,2,50.105526,14.393218,2,2,False,M
20100917,93534,230,3,1,1,50.102976,14.399171,2,2,False,M
20100917,94000,230,3,1,2,50.105526,14.393218,2,2,False,M
20100917,94017,230,3,1,1,50.102976,14.399171,2,2,False,M
20100917,94105,230,3,1,2,50.105526,14.393218,2,2,False,M
20100917,94136,230,3,1,1,50.102976,14.399171,2,2,False,M
20100917,94322,230,3,1,2,50.105526,14.393218,2,2,False,M
20100917,94503,230,3,1,1,50.102976,14.399171,2,2,False,M
20100917,94515,230,3,1,2,50.105526,14.393218,2,2,False,M
20100917,94521,230,3,1,1,50.102976,14.399171,2,2,False,M
20100917,95146,230,3,1,2,50.105526,14.393218,2,2,False,M
20100917,95245,230,3,1,1,50.102976,14.399171,2,2,False,M
20100917,95254,230,3,1,2,50.105526,14.393218,2,2,False,M
20100917,95447,230,3,1,1,50.102976,14.399171,2,2,False,M
20100917,95614,230,3,1,2,50.105526,14.393218,2,2,False,M
20100917,95701,230,3,1,1,50.102976,14.399171,2,2,False,M
20100917,95723,230,3,1,2,50.105526,14.393218,2,2,False,M
20100917,95801,230,3,1,1,50.102976,14.399171,2,2,False,M
20100917,102301,230,3,1,2,50.105526,14.393218,2,2,False,M
20100917,102332,230,3,1,1,50.102976,14.399171,2,2,False,M
20100917,103152,230,3,8,75,50.102209,14.392311,2,2,False,M
20100917,103210,230,3,1,1,50.102976,14.399171,2,2,False,M
20100917,103245,230,3,1,2,50.105526,14.393218,2,2,False,M
20100917,103310,230,3,1,1,50.102976,14.399171,2,2,False,M
20100917,103341,230,3,1,2,50.105526,14.393218,2,2,False,M
20100917,103415,230,3,1,1,50.102976,14.399171,2,2,False,M
20100917,103453,230,3,1,2,50.105526,14.393218,2,2,False,M
20100917,103935,230,3,1,4,50.103628,14.386725,2,2,False,M
20100917,103943,230,3,1,2,50.105526,14.393218,2,2,False,M
20100917,104325,230,3,1,4,50.103628,14.386725,2,2,False,M
20100917,111629,230,3,1,2,50.105526,14.393218,2,2,False,M
20100917,112042,230,3,1,4,50.103628,14.386725,2,2,False,M
20100917,112051,230,3,1,2,50.105526,14.393218,2,2,False,M
20100917,112356,230,3,1,1,50.102976,14.399171,2,2,False,M
20100917,113215,230,3,1,2,50.105526,14.393218,2,2,False,M
20100917,113247,230,3,1,1,50.102976,14.399171,2,2,False,M
20100917,113401,0,0,0,3,0.000000,0.000000,2,2,False,M
20100917,113402,230,3,1,2,50.105526,14.393218,2,2,False,M
20100917,113508,0,0,0,3,0.000000,0.000000,2,2,False,M
20100917,113509,230,3,1,2,50.105526,14.393218,2,2,False,M
20100917,113556,230,3,1,1,50.102976,14.399171,2,2,False,M
20100917,113804,230,3,1,2,50.105526,14.393218,2,2,False,M
20100917,113921,230,3,1,1,50.102976,14.399171,2,2,False,M
20100917,114016,230,3,1,2,50.105526,14.393218,2,2,False,M
20100917,114106,230,3,1,1,50.102976,14.399171,2,2,False,M
20100917,115258,230,3,1,2,50.105526,14.393218,2,2,False,M
20100917,115316,230,3,1,1,50.102976,14.399171,2,2,False,M
20100917,115320,230,3,1,2,50.105526,14.393218,2,2,False,M
20100917,121038,230,3,1,1,50.102976,14.399171,2,2,False,A
20100917,121049,230,3,1,2,50.105526,14.393218,2,2,False,A
20100917,122515,230,3,1,1,50.102976,14.399171,2,2,False,A
20100917,122526,230,3,1,2,50.105526,14.393218,2,2,False,A
20100917,122931,230,3,1,1,50.102976,14.399171,2,2,False,A
20100917,123555,230,3,1,2,50.105526,14.393218,2,2,False,A
20100917,123608,230,3,1,1,50.102976,14.399171,2,2,False,A
20100917,123615,230,3,1,2,50.105526,14.393218,2,2,False,A
20100917,123743,230,3,1,1,50.102976,14.399171,2,2,False,A
20100917,124102,230,3,1,2,50.105526,14.393218,2,2,False,A
20100917,125418,230,3,1,1,50.102976,14.399171,2,2,False,A
20100917,125540,230,3,1,2,50.105526,14.393218,2,2,False,A
20100917,125629,230,3,1,1,50.102976,14.399171,2,2,False,A
20100917,125724,230,3,1,2,50.105526,14.393218,2,2,False,A
20100917,125948,230,3,1,1,50.102976,14.399171,2,2,False,A
20100917,130032,230,3,1,2,50.105526,14.393218,2,2,False,A
20100917,130047,230,3,1,1,50.102976,14.399171,2,2,False,A
20100917,130532,230,3,1,2,50.105526,14.393218,2,2,False,A
20100917,130556,230,3,1,1,50.102976,14.399171,2,2,False,A
20100917,130621,230,3,1,2,50.105526,14.393218,2,2,False,A
20100917,130751,230,3,1,1,50.102976,14.399171,2,2,False,A
20100917,130850,230,3,1,2,50.105526,14.393218,2,2,False,A
20100917,130910,230,3,1,1,50.102976,14.399171,2,2,False,A
20100917,131023,230,3,1,2,50.105526,14.393218,2,2,False,A
20100917,131138,230,3,1,1,50.102976,14.399171,2,2,False,A
20100917,131244,230,3,1,2,50.105526,14.393218,2,2,False,A
20100917,131310,230,3,1,1,50.102976,14.399171,2,2,False,A
20100917,132220,230,3,1,2,50.105526,14.393218,2,2,False,A
20100917,132403,230,3,1,1,50.102976,14.399171,2,2,False,A
20100917,132757,230,3,1,2,50.105526,14.393218,2,2,False,A
20100917,132813,230,3,1,1,50.102976,14.399171,2,2,False,A
20100917,133003,230,3,1,2,50.105526,14.393218,2,2,False,A
20100917,133013,230,3,1,1,50.102976,14.399171,2,2,False,A
20100917,134035,230,3,1,2,50.105526,14.393218,2,2,False,A
20100917,134243,230,3,1,1,50.102976,14.399171,2,2,False,A
20100917,134622,230,3,1,2,50.105526,14.393218,2,2,False,A
20100917,134739,230,3,1,1,50.102976,14.399171,2,2,False,A
20100917,134825,230,3,1,2,50.105526,14.393218,2,2,False,A
20100917,134839,230,3,1,1,50.102976,14.399171,2,2,False,A
20100917,135129,230,3,1,2,50.105526,14.393218,2,2,False,A
20100917,135146,230,3,1,1,50.102976,14.399171,2,2,False,A
20100917,135239,230,3,1,2,50.105526,14.393218,2,2,False,A
20100917,135415,230,3,1,1,50.102976,14.399171,2,2,False,A
20100917,135435,230,3,1,2,50.105526,14.393218,2,2,False,A
20100917,135501,230,3,1,1,50.102976,14.399171,2,2,False,A
20100917,135543,230,3,1,2,50.105526,14.393218,2,2,False,A
20100917,135602,230,3,1,1,50.102976,14.399171,2,2,False,A
20100917,135819,230,3,1,2,50.105526,14.393218,2,2,False,A
20100917,135847,230,3,1,1,50.102976,14.399171,2,2,False,A
20100917,135931,230,3,1,2,50.105526,14.393218,2,2,False,A
20100917,140020,230,3,1,1,50.102976,14.399171,2,2,False,A
20100917,140027,230,3,1,2,50.105526,14.393218,2,2,False,A
20100917,140219,230,3,1,1,50.102976,14.399171,2,2,False,A
20100917,140309,230,3,1,2,50.105526,14.393218,2,2,False,A
20100917,142612,230,3,1,1,50.102976,14.399171,2,2,False,A
20100917,142626,230,3,1,2,50.105526,14.393218,2,2,False,A
20100917,143713,230,3,1,1,50.102976,14.399171,2,2,False,A
20100917,143745,230,3,1,2,50.105526,14.393218,2,2,False,A
20100917,144909,230,3,1,1,50.102976,14.399171,2,2,False,A
20100917,144931,230,3,1,2,50.105526,14.393218,2,2,False,A
20100917,145243,230,3,1,1,50.102976,14.399171,2,2,False,A
20100917,145316,230,3,1,2,50.105526,14.393218,2,2,False,A
20100917,145323,230,3,1,1,50.102976,14.399171,2,2,False,A
20100917,145431,230,3,1,2,50.105526,14.393218,2,2,False,A
20100917,145532,230,3,1,1,50.102976,14.399171,2,2,False,A
20100917,145559,230,3,1,2,50.105526,14.393218,2,2,False,A
20100917,145619,230,3,1,1,50.102976,14.399171,2,2,False,A
20100917,145747,230,3,1,2,50.105526,14.393218,2,2,False,A
20100917,150757,230,3,1,1,50.102976,14.399171,2,2,False,A
20100917,150823,230,3,1,2,50.105526,14.393218,2,2,False,A
20100917,152143,230,3,1,1,50.102976,14.399171,2,2,False,A
20100917,152239,230,3,1,2,50.105526,14.393218,2,2,False,A
20100917,152939,230,3,1,1,50.102976,14.399171,2,2,False,A
20100917,152958,230,3,1,2,50.105526,14.393218,2,2,False,A
20100917,154121,230,3,1,1,50.102976,14.399171,2,2,False,A
20100917,154208,230,3,1,2,50.105526,14.393218,2,2,False,A
20100917,154237,230,3,1,1,50.102976,14.399171,2,2,False,A
20100917,154338,230,3,1,2,50.105526,14.393218,2,2,False,A
20100917,154450,230,3,1,1,50.102976,14.399171,2,2,False,A
20100917,154942,230,3,1,2,50.105526,14.393218,2,2,False,A
20100917,155911,230,3,1,1,50.102976,14.399171,2,2,False,A
20100917,160053,230,3,1,2,50.105526,14.393218,2,2,False,A
20100917,160453,230,3,1,4,50.103628,14.386725,2,2,False,A
20100917,160458,230,3,1,2,50.105526,14.393218,2,2,False,A
20100917,161023,230,3,1,76,50.099961,14.389078,2,2,False,A
20100917,161044,230,3,1,2,50.105526,14.393218,2,2,False,A
20100917,161057,230,3,3,7,50.074297,14.428297,2,2,False,A
20100917,161151,0,0,0,3,0.000000,0.000000,2,2,False,A
20100917,161225,230,3,3,8,50.074297,14.428297,2,2,False,A
20100917,161327,0,0,0,3,0.000000,0.000000,2,2,False,A
20100917,161409,230,3,3,7,50.074297,14.428297,2,2,False,A
20100917,161509,0,0,0,3,0.000000,0.000000,2,2,False,A
20100917,161611,230,3,3,8,50.074297,14.428297,2,2,False,A
20100917,161654,0,0,0,3,0.000000,0.000000,2,2,False,A
20100917,161706,230,3,3,9,50.074297,14.428297,2,2,False,A
20100917,161829,0,0,0,3,0.000000,0.000000,2,2,False,A
20100917,161901,230,3,3,26,50.074297,14.428297,2,2,False,A
20100917,161951,0,0,0,3,0.000000,0.000000,2,2,False,A
20100917,162023,230,3,3,27,50.074297,14.428297,2,2,False,A
20100917,162123,0,0,0,3,0.000000,0.000000,2,2,False,A
20100917,162155,230,3,3,28,50.074297,14.428297,2,2,False,A
20100917,162255,0,0,0,3,0.000000,0.000000,2,2,False,A
20100917,162331,230,3,3,27,50.074297,14.428297,2,2,False,A
20100917,162441,0,0,0,3,0.000000,0.000000,2,2,False,A
20100917,162514,230,3,3,28,50.074297,14.428297,2,2,False,A
20100917,162629,0,0,0,3,0.000000,0.000000,2,2,False,A
20100917,162731,230,3,3,27,50.074297,14.428297,2,2,False,A
20100917,162852,0,0,0,3,0.000000,0.000000,2,2,False,A
20100917,163022,230,3,3,28,50.074297,14.428297,2,2,False,A
20100917,163233,230,3,7,62,50.066607,14.508177,2,2,False,A
20100917,163249,230,3,6,30,50.066022,14.503034,2,2,False,A
20100917,163351,230,3,6,32,50.068199,14.514701,2,2,False,A
20100917,163418,230,3,1,31,50.067988,14.506768,2,2,False,A
20100917,163600,230,3,6,33,50.069076,14.509180,2,2,False,A
20100917,163702,230,3,6,30,50.066022,14.503034,2,2,False,A
20100917,163715,230,3,1,31,50.067988,14.506768,2,2,False,A
20100917,163722,230,3,6,60,50.072500,14.500402,2,2,False,A
20100917,163740,230,3,6,32,50.068199,14.514701,2,2,False,A
20100917,163803,230,3,1,31,50.067988,14.506768,2,2,False,A
20100917,163833,230,3,6,34,50.072612,14.511606,2,2,False,A
20100917,163947,230,3,7,35,50.063554,14.529775,2,2,False,A
20100917,164014,230,3,6,58,50.064825,14.527234,2,2,False,A
20100917,164015,230,3,6,38,50.062191,14.542474,2,2,False,A
20100917,164045,230,3,6,58,50.064825,14.527234,2,2,False,A
20100917,164050,230,3,6,38,50.062191,14.542474,2,2,False,A
20100917,164101,230,3,6,58,50.064825,14.527234,2,2,False,A
20100917,164110,230,3,6,38,50.062191,14.542474,2,2,False,A
20100917,164116,230,3,6,40,50.052128,14.534634,2,2,False,A
20100917,164138,230,3,6,41,50.048996,14.538392,2,2,False,A
20100917,164224,230,3,6,40,50.052128,14.534634,2,2,False,A
20100917,164326,230,3,6,42,50.048802,14.548801,2,2,False,A
20100917,164334,230,3,6,39,50.053476,14.548071,2,2,False,A
20100917,164346,230,3,6,43,50.047225,14.536522,2,2,False,A
20100917,164432,230,3,6,44,50.043899,14.550689,2,2,False,A
20100917,164459,230,3,6,45,50.044807,14.558335,2,2,False,A
20100917,164542,230,3,6,46,50.048704,14.553362,2,2,False,A
20100917,164622,230,3,6,47,50.041035,14.565252,2,2,False,A
20100917,164628,230,3,6,48,50.044606,14.568368,2,2,False,A
20100917,164647,230,3,6,49,50.040997,14.552996,2,2,False,A
20100917,165410,230,3,6,48,50.044606,14.568368,2,2,False,A
20100917,173022,230,3,6,49,50.040997,14.552996,2,2,False,A
20100917,173108,230,3,6,48,50.044606,14.568368,2,2,False,A
20100917,174427,230,3,6,49,50.040997,14.552996,2,2,False,A
20100917,174452,230,3,6,48,50.044606,14.568368,2,2,False,A
20100917,174610,230,3,6,49,50.040997,14.552996,2,2,False,A
20100917,174857,230,3,6,47,50.041035,14.565252,2,2,False,A
20100917,175000,230,3,6,50,50.050198,14.566495,2,2,False,A
20100917,175118,230,3,6,51,50.050929,14.576607,2,2,False,A
20100917,175122,230,3,6,54,50.053188,14.561300,2,2,False,A
20100917,175225,230,3,6,50,50.050198,14.566495,2,2,False,A
20100917,175229,230,3,6,77,50.054997,14.571096,2,2,False,A
20100917,175302,230,3,6,78,50.059859,14.584152,2,2,False,A
20100917,175419,230,3,6,79,50.059494,14.583738,2,2,False,A
20100917,175513,230,3,6,80,50.061183,14.598585,2,2,False,A
20100917,175609,230,3,6,81,50.068632,14.588894,2,2,False,A
20100917,175616,230,3,7,82,50.060799,14.600221,2,2,False,A
20100917,175625,230,3,7,83,50.079228,14.595294,2,2,False,A
20100917,175648,230,3,6,84,50.080818,14.598075,2,2,False,A
20100917,175649,230,3,6,85,50.082596,14.595294,2,2,False,A
20100917,175656,230,3,6,86,50.078586,14.608591,2,2,False,A
20100917,175856,230,3,6,87,50.084427,14.607765,2,2,False,A
20100917,175904,230,3,6,86,50.078586,14.608591,2,2,False,A
20100917,175946,230,3,6,84,50.080818,14.598075,2,2,False,A
20100917,180016,230,3,6,85,50.082596,14.595294,2,2,False,E
20100917,180119,230,3,6,88,50.093826,14.595294,2,2,False,E
20100917,180143,230,3,6,89,50.109412,14.587206,2,2,False,E
20100917,180149,230,3,6,90,50.100188,14.593874,2,2,False,E
20100917,180345,230,3,6,89,50.109412,14.587206,2,2,False,E
20100917,180427,230,3,6,91,50.106199,14.585792,2,2,False,E
20100917,180557,230,3,6,92,50.111245,14.586177,2,2,False,E
20100917,180623,230,3,6,91,50.106199,14.585792,2,2,False,E
20100917,180718,230,3,6,89,50.109412,14.587206,2,2,False,E
20100917,180816,230,3,6,90,50.100188,14.593874,2,2,False,E
20100917,181045,230,3,6,89,50.109412,14.587206,2,2,False,E
20100917,181132,230,3,6,93,50.118082,14.592445,2,2,False,E
20100917,181229,230,3,6,94,50.115298,14.609648,2,2,False,E
20100917,181238,230,3,6,93,50.118082,14.592445,2,2,False,E
20100917,181300,230,3,9,95,50.134078,14.623500,2,2,False,E
20100917,181319,230,3,6,96,50.126218,14.623500,2,2,False,E
20100917,181408,230,3,6,97,50.130011,14.649352,2,2,False,E
20100917,181417,230,3,6,98,50.135287,14.661033,2,2,False,E
20100917,181612,230,3,10,99,50.164609,14.661472,2,2,False,E
20100917,181621,230,3,10,100,50.161277,14.693913,2,2,False,E
20100917,181659,230,3,10,101,50.161616,14.672436,2,2,False,E
20100917,181726,230,3,10,102,50.195303,14.702589,2,2,False,E
20100917,181758,230,3,10,103,50.217762,14.702589,2,2,False,E
20100917,181817,230,3,10,102,50.195303,14.702589,2,2,False,E
20100917,181825,230,3,10,104,50.192623,14.686918,2,2,False,E
20100917,181855,230,3,10,105,50.191143,14.678678,2,2,False,E
20100917,181932,230,3,10,106,50.227328,14.717520,2,2,False,E
20100917,181952,230,3,10,107,50.202627,14.679686,2,2,False,E
20100917,182033,230,3,10,106,50.227328,14.717520,2,2,False,E
20100917,182159,230,3,10,108,50.283972,14.768008,2,2,False,E
20100917,182216,230,3,10,109,50.258968,14.766572,2,2,False,E
20100917,182457,230,3,11,110,50.269743,14.813268,2,2,False,E
20100917,182606,230,3,11,111,50.285303,14.855049,2,2,False,E
20100917,182625,230,3,11,112,50.269231,14.888047,2,2,False,E
20100917,182659,230,3,11,113,50.312539,14.861375,2,2,False,E
20100917,182823,230,3,11,114,50.332511,14.879464,2,2,False,E
20100917,182831,230,3,11,113,50.312539,14.861375,2,2,False,E
20100917,182841,230,3,11,115,50.326875,14.859994,2,2,False,E
20100917,182928,230,3,11,113,50.312539,14.861375,2,2,False,E
20100917,182954,230,3,11,116,50.348250,14.862528,2,2,False,E
20100917,183018,230,3,11,114,50.332511,14.879464,2,2,False,E
20100917,183029,230,3,11,116,50.348250,14.862528,2,2,False,E
20100917,183050,230,3,11,117,50.359445,14.874524,2,2,False,E
20100917,183210,230,3,11,118,50.380259,14.906792,2,2,False,E
20100917,183316,230,3,11,119,50.407562,14.918373,2,2,False,E
20100917,183418,230,3,11,120,50.406428,14.935351,2,2,False,E
20100917,183507,230,3,11,121,50.412397,14.940540,2,2,False,E
20100917,183529,230,3,11,122,50.423272,14.944397,2,2,False,E
20100917,183604,230,3,11,123,50.420323,14.936658,2,2,False,E
20100917,183615,230,3,11,122,50.423272,14.944397,2,2,False,E
20100917,183639,230,3,11,124,50.433664,14.926246,2,2,False,E
20100917,183654,230,3,11,125,50.454206,14.969436,2,2,False,E
20100917,183718,230,3,11,126,50.441911,14.946404,2,2,False,E
20100917,183738,230,3,11,127,50.469041,14.931095,2,2,False,E
20100917,183828,230,3,11,128,50.496005,14.966872,2,2,False,E
20100917,183844,230,3,11,127,50.469041,14.931095,2,2,False,E
20100917,183903,230,3,11,129,50.488491,14.948504,2,2,False,E
20100917,183913,230,3,11,128,50.496005,14.966872,2,2,False,E
20100917,183925,230,3,11,127,50.469041,14.931095,2,2,False,E
20100917,183933,230,3,11,128,50.496005,14.966872,2,2,False,E
20100917,184035,230,3,11,127,50.469041,14.931095,2,2,False,E
20100917,184048,230,3,11,128,50.496005,14.966872,2,2,False,E
20100917,184111,230,3,11,130,50.518142,14.982875,2,2,False,E
20100917,184320,230,3,12,131,50.577089,14.973719,2,2,False,E
20100917,184422,230,3,11,132,50.537495,15.009636,2,2,False,E
20100917,184432,230,3,11,133,50.550799,15.042489,2,2,False,E
20100917,184452,230,3,11,132,50.537495,15.009636,2,2,False,E
20100917,184501,230,3,11,133,50.550799,15.042489,2,2,False,E
20100917,184555,230,3,11,134,50.537495,15.099158,2,2,False,E
20100917,184617,230,3,11,135,50.594361,15.114703,2,2,False,E
20100917,184637,230,3,11,136,50.579584,15.087115,2,2,False,E
20100917,184742,230,3,11,137,50.582848,15.100068,2,2,False,E
20100917,184750,230,3,11,136,50.579584,15.087115,2,2,False,E
20100917,184833,230,3,11,138,50.608833,15.094734,2,2,False,E
20100917,184857,230,3,11,139,50.639314,15.121406,2,2,False,E
20100917,184906,230,3,11,140,50.592057,15.141979,2,2,False,E
20100917,184940,230,3,11,141,50.587457,15.139575,2,2,False,E
20100917,185026,230,3,11,142,50.587457,15.139575,2,2,False,E
20100917,185038,230,3,11,143,50.581938,15.144794,2,2,False,E
20100917,185103,230,3,11,144,50.580503,15.137612,2,2,False,E
20100917,185149,230,3,11,145,50.546095,15.113742,2,2,False,E
20100917,185209,230,3,11,140,50.592057,15.141979,2,2,False,E
20100917,185217,230,3,11,145,50.546095,15.113742,2,2,False,E
20100917,185224,230,3,11,146,50.571520,15.182625,2,2,False,E
20100917,185240,230,3,11,147,50.551103,15.159720,2,2,False,E
20100917,185300,230,3,11,146,50.571520,15.182625,2,2,False,E
20100917,185351,230,3,11,147,50.551103,15.159720,2,2,False,E
20100917,190102,230,3,11,148,50.516695,15.252113,2,2,False,E
20100917,190113,230,3,11,147,50.551103,15.159720,2,2,False,E
20100917,190128,230,3,11,149,50.597802,15.263115,2,2,False,E
20100917,190406,230,3,11,150,50.560889,15.273561,2,2,False,E
20100917,190426,230,3,11,149,50.597802,15.263115,2,2,False,E
20100917,190447,230,3,11,150,50.560889,15.273561,2,2,False,E
20100917,190533,230,3,11,151,50.551614,15.344780,2,2,False,E
20100917,190602,230,3,11,150,50.560889,15.273561,2,2,False,E
20100917,190824,230,3,11,152,50.637505,15.204983,2,2,False,E
20100917,191107,0,0,0,3,0.000000,0.000000,2,2,False,E
20100917,191214,230,3,11,153,50.658062,15.194991,2,2,False,E
20100917,191403,230,3,11,154,50.626301,15.208188,2,2,False,E
20100917,191427,230,3,11,153,50.658062,15.194991,2,2,False,E
20100917,191446,230,3,11,154,50.626301,15.208188,2,2,False,E
20100917,191500,230,3,11,153,50.658062,15.194991,2,2,False,E
20100917,191610,230,3,11,154,50.626301,15.208188,2,2,False,E
20100917,191618,230,3,11,153,50.658062,15.194991,2,2,False,E
20100917,191640,230,3,11,154,50.626301,15.208188,2,2,False,E
20100917,191706,230,3,11,153,50.658062,15.194991,2,2,False,E
20100917,191720,230,3,11,154,50.626301,15.208188,2,2,False,E
20100917,191932,230,3,11,153,50.658062,15.194991,2,2,False,E
20100917,192015,230,3,11,154,50.626301,15.208188,2,2,False,E
20100917,192131,230,3,11,153,50.658062,15.194991,2,2,False,E
20100917,192155,230,3,11,154,50.626301,15.208188,2,2,False,E
20100917,192216,230,3,11,153,50.658062,15.194991,2,2,False,E
20100917,192343,230,3,11,154,50.626301,15.208188,2,2,False,E
20100917,192505,230,3,11,153,50.658062,15.194991,2,2,False,E
20100917,194347,230,3,11,154,50.626301,15.208188,2,2,False,E
20100917,194627,230,3,11,153,50.658062,15.194991,2,2,False,E
20100917,194647,230,3,11,154,50.626301,15.208188,2,2,False,E
20100917,194720,230,3,11,153,50.658062,15.194991,2,2,False,E
20100917,194813,230,3,11,154,50.626301,15.208188,2,2,False,E
20100917,194850,230,3,11,153,50.658062,15.194991,2,2,False,E
20100917,194916,230,3,11,154,50.626301,15.208188,2,2,False,E
20100917,195605,230,3,11,153,50.658062,15.194991,2,2,False,E
20100917,201202,230,3,11,154,50.626301,15.208188,2,2,False,E
20100917,201254,230,3,11,153,50.658062,15.194991,2,2,False,E
20100917,203047,230,3,11,154,50.626301,15.208188,2,2,False,E
20100917,203117,230,3,11,153,50.658062,15.194991,2,2,False,E
20100917,203239,230,3,11,154,50.626301,15.208188,2,2,False,E
20100917,203346,230,3,11,155,50.624341,15.313059,2,2,False,E
20100917,203407,230,3,11,154,50.626301,15.208188,2,2,False,E
20100917,203444,230,3,11,153,50.658062,15.194991,2,2,False,E
20100917,203452,230,3,11,154,50.626301,15.208188,2,2,False,E
20100917,203523,230,3,11,153,50.658062,15.194991,2,2,False,E
20100917,203542,230,3,11,154,50.626301,15.208188,2,2,False,E
20100917,203643,230,3,11,153,50.658062,15.194991,2,2,False,E
20100917,203851,0,0,0,3,0.000000,0.000000,2,2,False,E
20100917,203852,230,3,11,153,50.658062,15.194991,2,2,False,E
20100917,203930,230,3,11,154,50.626301,15.208188,2,2,False,E
20100917,204001,230,3,11,153,50.658062,15.194991,2,2,False,E
20100917,204102,230,3,11,154,50.626301,15.208188,2,2,False,E
20100917,204123,230,3,11,153,50.658062,15.194991,2,2,False,E
20100917,204142,230,3,11,154,50.626301,15.208188,2,2,False,E
20100917,204438,230,3,11,153,50.658062,15.194991,2,2,False,E
20100917,210729,230,3,11,154,50.626301,15.208188,2,2,False,E
20100917,214436,230,3,11,153,50.658062,15.194991,2,2,False,E
20100917,214457,230,3,11,154,50.626301,15.208188,2,2,False,E
20100917,214603,230,3,11,153,50.658062,15.194991,2,2,False,E
20100917,214638,230,3,11,154,50.626301,15.208188,2,2,False,E
20100917,215326,230,3,11,153,50.658062,15.194991,2,2,False,E
20100917,215406,230,3,11,154,50.626301,15.208188,2,2,False,E
20100917,215432,230,3,11,153,50.658062,15.194991,2,2,False,E
20100917,215512,230,3,11,154,50.626301,15.208188,2,2,False,E
20100917,215824,230,3,11,153,50.658062,15.194991,2,2,False,E
20100917,215845,230,3,11,154,50.626301,15.208188,2,2,False,E
20100917,215904,230,3,11,153,50.658062,15.194991,2,2,False,E
20100918,65007,230,3,11,154,50.626301,15.208188,2,3,True,M
20100918,65046,230,3,11,153,50.658062,15.194991,2,3,True,M
20100918,65120,230,3,11,154,50.626301,15.208188,2,3,True,M
20100918,65207,230,3,11,153,50.658062,15.194991,2,3,True,M
20100918,65226,230,3,11,154,50.626301,15.208188,2,3,True,M
20100918,65852,230,3,11,153,50.658062,15.194991,2,3,True,M
20100918,65958,230,3,11,154,50.626301,15.208188,2,3,True,M
20100918,73544,230,3,11,155,50.624341,15.313059,2,3,True,M
20100918,73554,230,3,11,154,50.626301,15.208188,2,3,True,M
20100918,73638,230,3,11,153,50.658062,15.194991,2,3,True,M
20100918,73712,230,3,11,154,50.626301,15.208188,2,3,True,M
20100918,73728,230,3,11,153,50.658062,15.194991,2,3,True,M
20100918,73920,230,3,11,154,50.626301,15.208188,2,3,True,M
20100918,74012,230,3,11,153,50.658062,15.194991,2,3,True,M
20100918,74032,230,3,11,154,50.626301,15.208188,2,3,True,M
20100918,74043,230,3,11,153,50.658062,15.194991,2,3,True,M
20100918,74052,230,3,11,154,50.626301,15.208188,2,3,True,M
20100918,74141,230,3,11,153,50.658062,15.194991,2,3,True,M
20100918,74323,230,3,11,154,50.626301,15.208188,2,3,True,M
20100918,74350,230,3,11,153,50.658062,15.194991,2,3,True,M
20100918,74518,230,3,11,154,50.626301,15.208188,2,3,True,M
20100918,74600,230,3,11,153,50.658062,15.194991,2,3,True,M
20100918,74619,230,3,11,154,50.626301,15.208188,2,3,True,M
20100918,74639,230,3,11,153,50.658062,15.194991,2,3,True,M
20100918,74734,230,3,11,154,50.626301,15.208188,2,3,True,M
20100918,74758,230,3,11,153,50.658062,15.194991,2,3,True,M
20100918,74807,230,3,11,154,50.626301,15.208188,2,3,True,M
20100918,74815,230,3,11,153,50.658062,15.194991,2,3,True,M
20100918,74835,230,3,11,154,50.626301,15.208188,2,3,True,M
20100918,74912,230,3,11,153,50.658062,15.194991,2,3,True,M
20100918,74942,230,3,11,154,50.626301,15.208188,2,3,True,M
20100918,75043,230,3,11,153,50.658062,15.194991,2,3,True,M
20100918,75057,230,3,11,154,50.626301,15.208188,2,3,True,M
20100918,75105,230,3,11,153,50.658062,15.194991,2,3,True,M
20100918,75126,230,3,11,154,50.626301,15.208188,2,3,True,M
20100918,75200,230,3,11,153,50.658062,15.194991,2,3,True,M
20100918,75217,230,3,11,154,50.626301,15.208188,2,3,True,M
20100918,75246,230,3,11,153,50.658062,15.194991,2,3,True,M
20100918,75348,230,3,11,154,50.626301,15.208188,2,3,True,M
20100918,75408,230,3,11,153,50.658062,15.194991,2,3,True,M
20100918,75709,230,3,11,154,50.626301,15.208188,2,3,True,M
20100918,75718,230,3,11,153,50.658062,15.194991,2,3,True,M
20100918,75804,230,3,11,156,50.640026,15.256506,2,3,True,M
20100918,75826,230,3,11,157,50.640026,15.256506,2,3,True,M
20100918,75908,230,3,11,158,50.635603,15.283151,2,3,True,M
20100918,75934,230,3,11,156,50.640026,15.256506,2,3,True,M
20100918,80007,230,3,11,157,50.640026,15.256506,2,3,True,M
20100918,80056,230,3,11,156,50.640026,15.256506,2,3,True,M
20100918,80112,230,3,11,157,50.640026,15.256506,2,3,True,M
20100918,80300,230,3,11,156,50.640026,15.256506,2,3,True,M
20100918,80315,230,3,11,157,50.640026,15.256506,2,3,True,M
20100918,80440,230,3,11,156,50.640026,15.256506,2,3,True,M
20100918,80456,230,3,11,157,50.640026,15.256506,2,3,True,M
20100918,80551,230,3,11,156,50.640026,15.256506,2,3,True,M
20100918,80626,230,3,11,157,50.640026,15.256506,2,3,True,M
20100918,80652,230,3,11,156,50.640026,15.256506,2,3,True,M
20100918,80749,230,3,11,157,50.640026,15.256506,2,3,True,M
20100918,80808,230,3,11,156,50.640026,15.256506,2,3,True,M
20100918,80827,230,3,11,157,50.640026,15.256506,2,3,True,M
20100918,80933,230,3,11,156,50.640026,15.256506,2,3,True,M
20100918,80942,230,3,11,157,50.640026,15.256506,2,3,True,M
20100918,81008,230,3,11,156,50.640026,15.256506,2,3,True,M
20100918,81027,230,3,11,157,50.640026,15.256506,2,3,True,M
20100918,81132,230,3,11,156,50.640026,15.256506,2,3,True,M
20100918,81152,230,3,11,157,50.640026,15.256506,2,3,True,M
20100918,81234,230,3,11,156,50.640026,15.256506,2,3,True,M
20100918,81243,230,3,11,157,50.640026,15.256506,2,3,True,M
20100918,81330,230,3,11,156,50.640026,15.256506,2,3,True,M
20100918,81355,230,3,11,157,50.640026,15.256506,2,3,True,M
20100918,81453,230,3,11,156,50.640026,15.256506,2,3,True,M
20100918,81511,230,3,11,157,50.640026,15.256506,2,3,True,M
20100918,81543,230,3,11,156,50.640026,15.256506,2,3,True,M
20100918,81602,230,3,11,157,50.640026,15.256506,2,3,True,M
20100918,81703,230,3,11,156,50.640026,15.256506,2,3,True,M
20100918,81740,230,3,11,157,50.640026,15.256506,2,3,True,M
20100918,81807,230,3,11,156,50.640026,15.256506,2,3,True,M
20100918,81827,230,3,11,157,50.640026,15.256506,2,3,True,M
20100918,81905,230,3,11,156,50.640026,15.256506,2,3,True,M
20100918,81947,230,3,11,157,50.640026,15.256506,2,3,True,M
20100918,82007,230,3,11,156,50.640026,15.256506,2,3,True,M
20100918,82137,230,3,11,157,50.640026,15.256506,2,3,True,M
20100918,82220,230,3,11,156,50.640026,15.256506,2,3,True,M
20100918,82246,230,3,11,157,50.640026,15.256506,2,3,True,M
20100918,82429,230,3,11,156,50.640026,15.256506,2,3,True,M
20100918,82448,230,3,11,157,50.640026,15.256506,2,3,True,M
20100918,82555,230,3,11,156,50.640026,15.256506,2,3,True,M
20100918,82638,230,3,11,157,50.640026,15.256506,2,3,True,M
20100918,82757,230,3,11,156,50.640026,15.256506,2,3,True,M
20100918,82825,230,3,11,157,50.640026,15.256506,2,3,True,M
20100918,82854,230,3,11,156,50.640026,15.256506,2,3,True,M
20100918,82917,230,3,11,157,50.640026,15.256506,2,3,True,M
20100918,82947,230,3,11,158,50.635603,15.283151,2,3,True,M
20100918,83008,230,3,11,154,50.626301,15.208188,2,3,True,M
20100918,83023,230,3,11,157,50.640026,15.256506,2,3,True,M
20100918,83051,230,3,11,153,50.658062,15.194991,2,3,True,M
20100918,83439,230,3,11,154,50.626301,15.208188,2,3,True,M
20100918,83609,230,3,11,153,50.658062,15.194991,2,3,True,M
20100918,83623,230,3,11,154,50.626301,15.208188,2,3,True,M
20100918,83640,230,3,11,153,50.658062,15.194991,2,3,True,M
20100918,83657,230,3,11,154,50.626301,15.208188,2,3,True,M
20100918,83737,230,3,11,153,50.658062,15.194991,2,3,True,M
20100918,83756,230,3,11,159,50.645551,15.210562,2,3,True,M
20100918,83802,230,3,11,154,50.626301,15.208188,2,3,True,M
20100918,83903,230,3,11,159,50.645551,15.210562,2,3,True,M
20100918,84034,230,3,11,160,50.639627,15.185325,2,3,True,M
20100918,84404,230,3,11,161,50.634620,15.145606,2,3,True,M
20100918,84425,230,3,11,162,50.593978,15.158503,2,3,True,M
20100918,84446,230,3,11,163,50.625420,15.158503,2,3,True,M
20100918,84619,230,3,11,162,50.593978,15.158503,2,3,True,M
20100918,84639,230,3,11,161,50.634620,15.145606,2,3,True,M
20100918,84728,230,3,11,142,50.587457,15.139575,2,3,True,M
20100918,84742,230,3,11,140,50.592057,15.141979,2,3,True,M
20100918,84810,230,3,11,138,50.608833,15.094734,2,3,True,M
20100918,84843,230,3,11,136,50.579584,15.087115,2,3,True,M
20100918,84905,230,3,11,137,50.582848,15.100068,2,3,True,M
20100918,84919,230,3,11,136,50.579584,15.087115,2,3,True,M
20100918,85055,230,3,11,134,50.537495,15.099158,2,3,True,M
20100918,85112,230,3,11,133,50.550799,15.042489,2,3,True,M
20100918,85258,230,3,11,132,50.537495,15.009636,2,3,True,M
20100918,85306,230,3,11,133,50.550799,15.042489,2,3,True,M
20100918,85320,230,3,11,130,50.518142,14.982875,2,3,True,M
20100918,85441,230,3,11,164,50.524870,14.992740,2,3,True,M
20100918,85449,230,3,11,130,50.518142,14.982875,2,3,True,M
20100918,85533,230,3,11,128,50.496005,14.966872,2,3,True,M
20100918,85709,230,3,11,127,50.469041,14.931095,2,3,True,M
20100918,85851,230,3,11,126,50.441911,14.946404,2,3,True,M
20100918,85905,230,3,11,125,50.454206,14.969436,2,3,True,M
20100918,85934,230,3,11,165,50.439278,14.941322,2,3,True,M
20100918,85946,230,3,11,124,50.433664,14.926246,2,3,True,M
20100918,90000,230,3,11,165,50.439278,14.941322,2,3,True,M
20100918,90011,230,3,11,122,50.423272,14.944397,2,3,True,M
20100918,90056,230,3,11,121,50.412397,14.940540,2,3,True,M
20100918,90111,230,3,11,120,50.406428,14.935351,2,3,True,M
20100918,90149,230,3,11,119,50.407562,14.918373,2,3,True,M
20100918,90220,230,3,11,166,50.404083,14.900981,2,3,True,M
20100918,90243,230,3,11,167,50.409510,14.924761,2,3,True,M
20100918,90256,230,3,11,118,50.380259,14.906792,2,3,True,M
20100918,90356,230,3,11,117,50.359445,14.874524,2,3,True,M
20100918,90521,230,3,11,116,50.348250,14.862528,2,3,True,M
20100918,90548,230,3,11,115,50.326875,14.859994,2,3,True,M
20100918,90711,230,3,11,114,50.332511,14.879464,2,3,True,M
20100918,90732,230,3,11,113,50.312539,14.861375,2,3,True,M
20100918,90827,230,3,11,112,50.269231,14.888047,2,3,True,M
20100918,90907,230,3,11,111,50.285303,14.855049,2,3,True,M
20100918,90926,230,3,11,110,50.269743,14.813268,2,3,True,M
20100918,91033,230,3,10,109,50.258968,14.766572,2,3,True,M
20100918,91244,230,3,10,108,50.283972,14.768008,2,3,True,M
20100918,91300,230,3,10,106,50.227328,14.717520,2,3,True,M
20100918,91515,230,3,10,105,50.191143,14.678678,2,3,True,M
20100918,91550,230,3,10,107,50.202627,14.679686,2,3,True,M
20100918,91604,230,3,10,104,50.192623,14.686918,2,3,True,M
20100918,91623,230,3,10,103,50.217762,14.702589,2,3,True,M
20100918,91647,230,3,10,102,50.195303,14.702589,2,3,True,M
20100918,91709,230,3,10,101,50.161616,14.672436,2,3,True,M
20100918,91729,230,3,10,100,50.161277,14.693913,2,3,True,M
20100918,91844,230,3,10,99,50.164609,14.661472,2,3,True,M
20100918,91903,230,3,10,100,50.161277,14.693913,2,3,True,M
20100918,91925,230,3,10,168,50.150387,14.642283,2,3,True,M
20100918,92035,230,3,9,95,50.134078,14.623500,2,3,True,M
20100918,92054,230,3,9,169,50.117222,14.593564,2,3,True,M
20100918,92138,230,3,6,93,50.118082,14.592445,2,3,True,M
20100918,92211,230,3,6,89,50.109412,14.587206,2,3,True,M
20100918,92253,230,3,6,90,50.100188,14.593874,2,3,True,M
20100918,92332,230,3,6,88,50.093826,14.595294,2,3,True,M
20100918,92358,230,3,7,83,50.079228,14.595294,2,3,True,M
20100918,92417,230,3,6,85,50.082596,14.595294,2,3,True,M
20100918,92457,230,3,6,81,50.068632,14.588894,2,3,True,M
20100918,92520,230,3,7,83,50.079228,14.595294,2,3,True,M
20100918,92540,230,3,6,170,50.073372,14.551972,2,3,True,M
20100918,92542,230,3,6,171,50.070662,14.540158,2,3,True,M
20100918,92551,230,3,7,172,50.073567,14.553687,2,3,True,M
20100918,92614,230,3,6,173,50.082601,14.561969,2,3,True,M
20100918,92619,230,3,6,170,50.073372,14.551972,2,3,True,M
20100918,92712,230,3,6,174,50.073372,14.534828,2,3,True,M
20100918,92824,230,3,6,175,50.066868,14.544911,2,3,True,M
20100918,93010,230,3,6,55,50.061610,14.553762,2,3,True,M
20100918,93116,230,3,6,54,50.053188,14.561300,2,3,True,M
20100918,93227,230,3,6,50,50.050198,14.566495,2,3,True,M
20100918,93419,230,3,6,51,50.050929,14.576607,2,3,True,M
20100918,93623,230,3,7,176,50.051058,14.567614,2,3,True,M
20100918,93638,230,3,6,50,50.050198,14.566495,2,3,True,M
20100918,94159,230,3,6,51,50.050929,14.576607,2,3,True,M
20100918,94226,230,3,6,50,50.050198,14.566495,2,3,True,M
20100918,94354,230,3,6,51,50.050929,14.576607,2,3,True,M
20100918,94401,230,3,6,50,50.050198,14.566495,2,3,True,M
20100918,94557,230,3,6,47,50.041035,14.565252,2,3,True,M
20100918,94648,230,3,7,177,50.042717,14.563938,2,3,True,M
20100918,94704,230,3,6,49,50.040997,14.552996,2,3,True,M
20100918,94947,230,3,6,48,50.044606,14.568368,2,3,True,M
20100919,92915,230,3,6,178,50.036135,14.566052,2,4,True,M
20100919,92933,230,3,6,48,50.044606,14.568368,2,4,True,M
20100919,101621,0,0,0,3,0.000000,0.000000,2,4,True,M
20100919,101622,230,3,6,48,50.044606,14.568368,2,4,True,M
20100919,141629,230,3,6,49,50.040997,14.552996,2,4,True,A
20100919,142032,230,3,6,48,50.044606,14.568368,2,4,True,A
20100919,142038,230,3,6,49,50.040997,14.552996,2,4,True,A
20100919,142124,230,3,6,48,50.044606,14.568368,2,4,True,A
20100919,152123,0,0,0,3,0.000000,0.000000,2,4,True,A
20100919,152124,230,3,6,48,50.044606,14.568368,2,4,True,A
20100919,153232,0,0,0,3,0.000000,0.000000,2,4,True,A
20100919,153234,230,3,6,48,50.044606,14.568368,2,4,True,A
20100919,192633,0,0,0,3,0.000000,0.000000,2,4,True,E
20100919,192634,230,3,6,48,50.044606,14.568368,2,4,True,E
20100919,212404,0,0,0,3,0.000000,0.000000,2,4,True,E
20100919,212427,230,3,6,48,50.044606,14.568368,2,4,True,E
20100919,213154,0,0,0,3,0.000000,0.000000,2,4,True,E
20100919,213155,230,3,6,48,50.044606,14.568368,2,4,True,E
